[{
    "model": "users.user",
    "fields": {
        "password": "pbkdf2_sha256$720000$jn2FDfCcMkhGpjBzMp584E$AgmhupuraHDhfPRs9RtzCSzsLt2lqBaHbiJn7yhITBM=",
        "last_login": "2024-09-10T01:00:55.806Z",
        "is_superuser": true,
        "username": "schir2",
        "first_name": "",
        "last_name": "",
        "email": "schir2@gmail.com",
        "is_staff": true,
        "is_active": true,
        "date_joined": "2024-07-15T00:03:48.668Z",
        "groups": [],
        "user_permissions": []
    }
},
{
    "model": "users.profile",
    "pk": 1,
    "fields": {
        "user": [
            "schir2"
        ]
    }
},
{
    "model": "content.project",
    "pk": 1,
    "fields": {
        "created_at": "2024-09-12T23:59:08.613Z",
        "edited_at": "2024-09-18T01:04:56.000Z",
        "creator": [
            "schir2"
        ],
        "editor": [
            "schir2"
        ],
        "name": "Vehicle GPS Alerting System for Field Service Workers",
        "description": "Developed a comprehensive system to track field service workers' locations relative to their assigned jobs, start times, and end times. Integrated Vehicle GPS data via REST API with Field Service Management Software, utilizing Microsoft SQL Server and MySQL for data storage. Implemented a real-time dashboard map hosted with PHP, using JavaScript and Google Maps API for asynchronous location updates. Automated the system with Python scripts and Linux-based cron jobs.",
        "company": 1,
        "year": 2022,
        "image": "projects/2024/09/11/high-angle-woman-holding-laptop.jpg",
        "skills": [
            25,
            24,
            4,
            5,
            6,
            2,
            3
        ]
    }
},
{
    "model": "content.project",
    "pk": 2,
    "fields": {
        "created_at": "2024-09-12T23:59:08.613Z",
        "edited_at": "2024-09-18T01:10:46.513Z",
        "creator": [
            "schir2"
        ],
        "editor": [
            "schir2"
        ],
        "name": "Automated User Lookup and Reporting System",
        "description": "Developed a web scraping system to parse emails, look up users on a popular review site, and report findings via email alerts and MySQL database entries. Initially built a real-time dashboard with PHP, MySQL, later transitioned to Python Django. Automated with Python scripts and cron jobs on a remote Linux machine, using the Gmail API for email parsing and alerts. Significantly improved business ratings with timely user information.",
        "company": 1,
        "year": 2009,
        "image": "projects/2024/09/10/pexels-pixabay-276452.jpg",
        "skills": [
            25,
            1,
            24,
            4,
            5
        ]
    }
},
{
    "model": "content.project",
    "pk": 3,
    "fields": {
        "created_at": "2024-09-12T23:59:08.613Z",
        "edited_at": "2024-09-18T01:06:21.594Z",
        "creator": [
            "schir2"
        ],
        "editor": [
            "schir2"
        ],
        "name": "Visual Lead Inspection Job Tracking System",
        "description": "Developed a mobile web application for scheduling and tracking lead inspection jobs. The system managed job assignments, tracked completion, and calculated bonuses based on job completion. It also identified duplication errors from vendors to ensure correct payments. Integrated with QuickBooks Online via REST API. Hosted on DigitalOcean droplets using a Linux server with Nginx, the application was built with Django, PostgreSQL, Python, and HTMX for asynchronous interactions and HTML.",
        "company": 1,
        "year": 2021,
        "image": "",
        "skills": [
            7,
            25,
            1,
            24,
            11,
            6,
            14,
            3
        ]
    }
},
{
    "model": "content.project",
    "pk": 4,
    "fields": {
        "created_at": "2024-09-12T23:59:08.613Z",
        "edited_at": "2024-09-18T01:09:12.452Z",
        "creator": [
            "schir2"
        ],
        "editor": [
            "schir2"
        ],
        "name": "Field Service Management System Extension",
        "description": "Developed an extension to the existing field service management system, integrating various software applications including the current field service management software and FreePBX for phone calls. This extension provided easier access to data, improved speed of access, and generated custom reports. The application was built with Django and Python, utilizing multiple databases (Microsoft SQL, MySQL). It was run on an Apache web server with HTML, HTMX, and JavaScript for the front end.",
        "company": 1,
        "year": 2017,
        "image": "",
        "skills": [
            7,
            25,
            1,
            15,
            22,
            24,
            19,
            13,
            4,
            5,
            21,
            6,
            3
        ]
    }
},
{
    "model": "content.project",
    "pk": 5,
    "fields": {
        "created_at": "2024-09-12T23:59:08.613Z",
        "edited_at": "2024-09-18T01:08:29.517Z",
        "creator": [
            "schir2"
        ],
        "editor": [
            "schir2"
        ],
        "name": "Field Service Management API",
        "description": "Developed an API for the field service management application running on Microsoft SQL Server. Utilized Python with Django and Django Rest Framework to expose API endpoints, enabling Vue and React applications to access the server.",
        "company": 1,
        "year": 2021,
        "image": "",
        "skills": [
            1,
            4,
            6,
            10,
            28
        ]
    }
},
{
    "model": "content.project",
    "pk": 6,
    "fields": {
        "created_at": "2024-09-12T23:59:08.613Z",
        "edited_at": "2024-09-18T01:03:59.205Z",
        "creator": [
            "schir2"
        ],
        "editor": [
            "schir2"
        ],
        "name": "Lead Analyzer Reporting Platform",
        "description": "Developed a platform to extract data from XRF Lead Analyzers, parse CSV files, and generate reports. Implemented multi-step data import wizards for validation and processing. Generated reports in Excel and PDF formats, submitted to a NYC government agency. Built with Django, HTML, HTMX, and JavaScript, using PostgreSQL for storage and running on a Windows server.",
        "company": 1,
        "year": 2023,
        "image": "projects/2024/09/11/paint-rough-concrete-wall-surface.jpg",
        "skills": [
            7,
            25,
            1,
            24,
            19,
            13,
            11,
            14,
            3
        ]
    }
},
{
    "model": "content.project",
    "pk": 7,
    "fields": {
        "created_at": "2024-09-12T23:59:08.613Z",
        "edited_at": "2024-09-18T01:11:17.450Z",
        "creator": [
            "schir2"
        ],
        "editor": [
            "schir2"
        ],
        "name": "Customer Quoting Application",
        "description": "Developed a customer-facing quoting application used for collecting customer information and generating quotes with conditional logic. The backend was built using Django and Django Rest Framework with PostgreSQL for data storage. The frontend was created using Nuxt3 and Vuetify.",
        "company": 1,
        "year": 2024,
        "image": "projects/2024/09/10/pexels-tima-miroshnichenko-7567303.jpg",
        "skills": [
            7,
            25,
            1,
            24,
            19,
            21,
            18,
            16,
            10,
            17,
            3
        ]
    }
},
{
    "model": "content.skill",
    "pk": 1,
    "fields": {
        "created_at": "2024-09-13T00:00:29.176Z",
        "edited_at": "2024-09-18T00:04:44.466Z",
        "creator": [
            "schir2"
        ],
        "editor": [
            "schir2"
        ],
        "name": "Python",
        "icon": "icons/python-svgrepo-com.svg",
        "proficiency": 5,
        "category": 1
    }
},
{
    "model": "content.skill",
    "pk": 2,
    "fields": {
        "created_at": "2024-09-13T00:00:29.176Z",
        "edited_at": "2024-09-18T00:32:02.112Z",
        "creator": [
            "schir2"
        ],
        "editor": [
            "schir2"
        ],
        "name": "PHP",
        "icon": "icons/php02-svgrepo-com.svg",
        "proficiency": 3,
        "category": 1
    }
},
{
    "model": "content.skill",
    "pk": 3,
    "fields": {
        "created_at": "2024-09-13T00:00:29.176Z",
        "edited_at": "2024-09-18T00:31:53.325Z",
        "creator": [
            "schir2"
        ],
        "editor": [
            "schir2"
        ],
        "name": "JS",
        "icon": "icons/icons8-javascript.svg",
        "proficiency": 2,
        "category": 1
    }
},
{
    "model": "content.skill",
    "pk": 4,
    "fields": {
        "created_at": "2024-09-13T00:00:29.176Z",
        "edited_at": "2024-09-18T00:03:58.246Z",
        "creator": [
            "schir2"
        ],
        "editor": [
            "schir2"
        ],
        "name": "MSSQL",
        "icon": "icons/microsoft-sql-server-logo-svgrepo-com.svg",
        "proficiency": 4,
        "category": 5
    }
},
{
    "model": "content.skill",
    "pk": 5,
    "fields": {
        "created_at": "2024-09-13T00:00:29.176Z",
        "edited_at": "2024-09-18T00:04:04.936Z",
        "creator": [
            "schir2"
        ],
        "editor": [
            "schir2"
        ],
        "name": "MySQL",
        "icon": "icons/mysql-svgrepo-com.svg",
        "proficiency": 4,
        "category": 5
    }
},
{
    "model": "content.skill",
    "pk": 6,
    "fields": {
        "created_at": "2024-09-13T00:00:29.176Z",
        "edited_at": "2024-09-18T00:31:02.605Z",
        "creator": [
            "schir2"
        ],
        "editor": [
            "schir2"
        ],
        "name": "Linux",
        "icon": "icons/ubuntu-svgrepo-com.svg",
        "proficiency": 3,
        "category": 4
    }
},
{
    "model": "content.skill",
    "pk": 7,
    "fields": {
        "created_at": "2024-09-13T00:00:29.176Z",
        "edited_at": "2024-09-18T00:03:03.594Z",
        "creator": [
            "schir2"
        ],
        "editor": [
            "schir2"
        ],
        "name": "Django",
        "icon": "icons/django-svgrepo-com.svg",
        "proficiency": 5,
        "category": 2
    }
},
{
    "model": "content.skill",
    "pk": 8,
    "fields": {
        "created_at": "2024-09-13T00:00:29.176Z",
        "edited_at": "2024-09-18T00:02:37.333Z",
        "creator": [
            "schir2"
        ],
        "editor": [
            "schir2"
        ],
        "name": "AWS",
        "icon": "icons/aws-svgrepo-com.svg",
        "proficiency": 3,
        "category": 4
    }
},
{
    "model": "content.skill",
    "pk": 10,
    "fields": {
        "created_at": "2024-09-13T00:00:29.176Z",
        "edited_at": "2024-09-18T00:04:51.105Z",
        "creator": [
            "schir2"
        ],
        "editor": [
            "schir2"
        ],
        "name": "REST",
        "icon": "",
        "proficiency": 3,
        "category": 4
    }
},
{
    "model": "content.skill",
    "pk": 11,
    "fields": {
        "created_at": "2024-09-13T00:00:29.176Z",
        "edited_at": "2024-09-18T00:02:54.577Z",
        "creator": [
            "schir2"
        ],
        "editor": [
            "schir2"
        ],
        "name": "Digital Ocean",
        "icon": "icons/digital-ocean-svgrepo-com.svg",
        "proficiency": 3,
        "category": 4
    }
},
{
    "model": "content.skill",
    "pk": 13,
    "fields": {
        "created_at": "2024-09-13T00:00:29.176Z",
        "edited_at": "2024-09-18T00:37:13.468Z",
        "creator": [
            "schir2"
        ],
        "editor": [
            "schir2"
        ],
        "name": "HTMX",
        "icon": "icons/htmx.svg",
        "proficiency": 4,
        "category": 2
    }
},
{
    "model": "content.skill",
    "pk": 14,
    "fields": {
        "created_at": "2024-09-13T00:00:29.176Z",
        "edited_at": "2024-09-18T00:34:55.028Z",
        "creator": [
            "schir2"
        ],
        "editor": [
            "schir2"
        ],
        "name": "Postgres",
        "icon": "icons/postgresql-svgrepo-com.svg",
        "proficiency": 3,
        "category": 5
    }
},
{
    "model": "content.skill",
    "pk": 15,
    "fields": {
        "created_at": "2024-09-13T00:00:29.176Z",
        "edited_at": "2024-09-18T00:05:30.512Z",
        "creator": [
            "schir2"
        ],
        "editor": [
            "schir2"
        ],
        "name": "Windows",
        "icon": "icons/windows-174-svgrepo-com.svg",
        "proficiency": 5,
        "category": 4
    }
},
{
    "model": "content.skill",
    "pk": 16,
    "fields": {
        "created_at": "2024-09-13T00:00:29.176Z",
        "edited_at": "2024-09-18T00:04:20.509Z",
        "creator": [
            "schir2"
        ],
        "editor": [
            "schir2"
        ],
        "name": "Nuxt3",
        "icon": "icons/nuxt-svgrepo-com.svg",
        "proficiency": 3,
        "category": 2
    }
},
{
    "model": "content.skill",
    "pk": 17,
    "fields": {
        "created_at": "2024-09-13T00:00:29.176Z",
        "edited_at": "2024-09-18T00:32:44.765Z",
        "creator": [
            "schir2"
        ],
        "editor": [
            "schir2"
        ],
        "name": "Vuetify",
        "icon": "icons/vuetify-svgrepo-com.svg",
        "proficiency": 3,
        "category": 3
    }
},
{
    "model": "content.skill",
    "pk": 18,
    "fields": {
        "created_at": "2024-09-13T00:00:29.176Z",
        "edited_at": "2024-09-18T00:05:00.566Z",
        "creator": [
            "schir2"
        ],
        "editor": [
            "schir2"
        ],
        "name": "VUE",
        "icon": "icons/vue-svgrepo-com.svg",
        "proficiency": 4,
        "category": 2
    }
},
{
    "model": "content.skill",
    "pk": 19,
    "fields": {
        "created_at": "2024-09-13T00:00:29.176Z",
        "edited_at": "2024-09-18T00:30:30.434Z",
        "creator": [
            "schir2"
        ],
        "editor": [
            "schir2"
        ],
        "name": "Figma",
        "icon": "icons/figma-svgrepo-com.svg",
        "proficiency": 4,
        "category": 3
    }
},
{
    "model": "content.skill",
    "pk": 20,
    "fields": {
        "created_at": "2024-09-18T00:31:33.739Z",
        "edited_at": "2024-09-18T00:31:33.739Z",
        "creator": [
            "schir2"
        ],
        "editor": [
            "schir2"
        ],
        "name": "C#",
        "icon": "icons/csharp-svgrepo-com.svg",
        "proficiency": 3,
        "category": 1
    }
},
{
    "model": "content.skill",
    "pk": 21,
    "fields": {
        "created_at": "2024-09-18T00:36:24.290Z",
        "edited_at": "2024-09-18T00:36:24.291Z",
        "creator": [
            "schir2"
        ],
        "editor": [
            "schir2"
        ],
        "name": "SQLite",
        "icon": "icons/brand-sqllite-svgrepo-com.svg",
        "proficiency": 4,
        "category": 5
    }
},
{
    "model": "content.skill",
    "pk": 22,
    "fields": {
        "created_at": "2024-09-18T00:38:38.881Z",
        "edited_at": "2024-09-18T00:38:38.882Z",
        "creator": [
            "schir2"
        ],
        "editor": [
            "schir2"
        ],
        "name": "Bootstrap",
        "icon": "icons/bootstrap-svgrepo-com.svg",
        "proficiency": 4,
        "category": 3
    }
},
{
    "model": "content.skill",
    "pk": 23,
    "fields": {
        "created_at": "2024-09-18T00:39:15.598Z",
        "edited_at": "2024-09-18T00:39:15.598Z",
        "creator": [
            "schir2"
        ],
        "editor": [
            "schir2"
        ],
        "name": "Tailwind",
        "icon": "icons/tailwind-svgrepo-com.svg",
        "proficiency": 3,
        "category": 3
    }
},
{
    "model": "content.skill",
    "pk": 24,
    "fields": {
        "created_at": "2024-09-18T00:41:27.033Z",
        "edited_at": "2024-09-18T00:41:27.033Z",
        "creator": [
            "schir2"
        ],
        "editor": [
            "schir2"
        ],
        "name": "CSS",
        "icon": "",
        "proficiency": 4,
        "category": 3
    }
},
{
    "model": "content.skill",
    "pk": 25,
    "fields": {
        "created_at": "2024-09-18T00:42:11.942Z",
        "edited_at": "2024-09-18T00:42:11.942Z",
        "creator": [
            "schir2"
        ],
        "editor": [
            "schir2"
        ],
        "name": "HTML",
        "icon": "icons/html-5-svgrepo-com.svg",
        "proficiency": 5,
        "category": 3
    }
},
{
    "model": "content.skill",
    "pk": 26,
    "fields": {
        "created_at": "2024-09-18T00:43:52.887Z",
        "edited_at": "2024-09-18T00:43:52.887Z",
        "creator": [
            "schir2"
        ],
        "editor": [
            "schir2"
        ],
        "name": "Github",
        "icon": "icons/github-142-svgrepo-com.svg",
        "proficiency": 3,
        "category": 4
    }
},
{
    "model": "content.skill",
    "pk": 27,
    "fields": {
        "created_at": "2024-09-18T00:44:53.251Z",
        "edited_at": "2024-09-18T00:45:05.321Z",
        "creator": [
            "schir2"
        ],
        "editor": [
            "schir2"
        ],
        "name": "GraphQL",
        "icon": "icons/graph-ql-svgrepo-com.svg",
        "proficiency": 2,
        "category": 5
    }
},
{
    "model": "content.skill",
    "pk": 28,
    "fields": {
        "created_at": "2024-09-18T01:07:27.931Z",
        "edited_at": "2024-09-18T01:07:27.931Z",
        "creator": [
            "schir2"
        ],
        "editor": [
            "schir2"
        ],
        "name": "Flask",
        "icon": "icons/flask-svgrepo-com.svg",
        "proficiency": 2,
        "category": 2
    }
},
{
    "model": "content.skillcategory",
    "pk": 1,
    "fields": {
        "created_at": "2024-09-16T23:13:40.937Z",
        "edited_at": "2024-09-18T00:33:49.005Z",
        "creator": [
            "schir2"
        ],
        "editor": [
            "schir2"
        ],
        "name": "Programming Languages",
        "icon": "",
        "order": 1
    }
},
{
    "model": "content.skillcategory",
    "pk": 2,
    "fields": {
        "created_at": "2024-09-16T23:13:59.173Z",
        "edited_at": "2024-09-18T00:33:40.188Z",
        "creator": [
            "schir2"
        ],
        "editor": [
            "schir2"
        ],
        "name": "Frameworks and Libraries",
        "icon": "",
        "order": 2
    }
},
{
    "model": "content.skillcategory",
    "pk": 3,
    "fields": {
        "created_at": "2024-09-16T23:14:35.201Z",
        "edited_at": "2024-09-18T00:33:58.570Z",
        "creator": [
            "schir2"
        ],
        "editor": [
            "schir2"
        ],
        "name": "Front-End Technologies",
        "icon": "",
        "order": 3
    }
},
{
    "model": "content.skillcategory",
    "pk": 4,
    "fields": {
        "created_at": "2024-09-18T00:02:31.271Z",
        "edited_at": "2024-09-18T00:33:44.867Z",
        "creator": [
            "schir2"
        ],
        "editor": [
            "schir2"
        ],
        "name": "Other",
        "icon": "",
        "order": 10
    }
},
{
    "model": "content.skillcategory",
    "pk": 5,
    "fields": {
        "created_at": "2024-09-18T00:03:55.010Z",
        "edited_at": "2024-09-18T00:33:33.523Z",
        "creator": [
            "schir2"
        ],
        "editor": [
            "schir2"
        ],
        "name": "Databases",
        "icon": "",
        "order": 4
    }
},
{
    "model": "content.contactmessage",
    "pk": 1,
    "fields": {
        "created_at": "2024-09-13T00:34:50.512Z",
        "edited_at": "2024-09-13T00:34:50.512Z",
        "creator": [
            "schir2"
        ],
        "editor": [
            "schir2"
        ],
        "name": "Marek Schir",
        "email": "schir2@gmail.com",
        "subject": "Bobo",
        "message": "Bobo"
    }
},
{
    "model": "content.contactmessage",
    "pk": 2,
    "fields": {
        "created_at": "2024-09-13T00:35:15.384Z",
        "edited_at": "2024-09-13T00:35:15.384Z",
        "creator": [
            "schir2"
        ],
        "editor": [
            "schir2"
        ],
        "name": "Marek Schir",
        "email": "schir2@gmail.com",
        "subject": "Bobo",
        "message": "Bobo"
    }
},
{
    "model": "content.contactmessage",
    "pk": 3,
    "fields": {
        "created_at": "2024-09-13T00:45:21.875Z",
        "edited_at": "2024-09-13T00:45:21.875Z",
        "creator": [
            "schir2"
        ],
        "editor": [
            "schir2"
        ],
        "name": "Marek  Schir",
        "email": "schir2@gmail.com",
        "subject": "jlj",
        "message": "lkj"
    }
},
{
    "model": "content.contactmessage",
    "pk": 4,
    "fields": {
        "created_at": "2024-09-13T00:45:29.459Z",
        "edited_at": "2024-09-13T00:45:29.459Z",
        "creator": [
            "schir2"
        ],
        "editor": [
            "schir2"
        ],
        "name": "Marek  Schir",
        "email": "schir2@gmail.com",
        "subject": "jlj",
        "message": "lkj"
    }
},
{
    "model": "content.contactmessage",
    "pk": 5,
    "fields": {
        "created_at": "2024-09-13T00:47:43.733Z",
        "edited_at": "2024-09-13T00:47:43.733Z",
        "creator": [
            "schir2"
        ],
        "editor": [
            "schir2"
        ],
        "name": "Marek Schir",
        "email": "schir2@gmail.com",
        "subject": "hi",
        "message": "hi"
    }
},
{
    "model": "content.company",
    "pk": 1,
    "fields": {
        "created_at": "2024-09-12T23:59:08.533Z",
        "edited_at": "2024-09-12T23:59:08.547Z",
        "creator": null,
        "editor": null,
        "name": "MMPC",
        "url": "https://www.mandmpestcontrol.com"
    }
}
]
